{
  "validation": {
    "accuracy": 0.89901044174398,
    "auc_roc": 0.96348304384248,
    "f1_score": 0.900824988179169
  },
  "test": {
    "accuracy": 0.899853790691341,
    "auc_roc": 0.963202621712979,
    "f1_score": 0.901363113348063
  }
}