{
  "validation": {
    "accuracy": 0.7641588754823827,
    "auc_roc": 0.8341231028755159,
    "f1_score": 0.7374265917782792
  },
  "test": {
    "accuracy": 0.763083582988117,
    "auc_roc": 0.8335431254359318,
    "f1_score": 0.736029259099548
  },
  "classification_report": {
    "0": {
      "precision": 0.7203526310138738,
      "recall": 0.862655180788297,
      "f1-score": 0.7851078491282358,
      "support": 69999.0
    },
    "1": {
      "precision": 0.8273936695452342,
      "recall": 0.6628360205387835,
      "f1-score": 0.736029259099548,
      "support": 69527.0
    },
    "accuracy": 0.763083582988117,
    "macro avg": {
      "precision": 0.773873150279554,
      "recall": 0.7627456006635402,
      "f1-score": 0.7605685541138919,
      "support": 139526.0
    },
    "weighted avg": {
      "precision": 0.7736920966759718,
      "recall": 0.763083582988117,
      "f1-score": 0.7606515676543558,
      "support": 139526.0
    }
  }
}