{
  "models": {
    "lightgbm": {
      "accuracy": 0.8202127202098534,
      "auc_roc": 0.899892801429004,
      "f1_score": 0.8174056092181597,
      "precision": 0.8274825360332478,
      "recall": 0.8075711594056985
    },
    "xgboost": {
      "accuracy": 0.763083582988117,
      "auc_roc": 0.8335431254359318,
      "f1_score": 0.736029259099548,
      "precision": 0.8273936695452342,
      "recall": 0.6628360205387835
    },
    "mlp": {
      "accuracy": 0.8270071527887275,
      "auc_roc": 0.9058352435553256,
      "f1_score": 0.8288095322529168,
      "precision": 0.8175547098001903,
      "recall": 0.8403785579702849
    }
  },
  "best_model_by_auc_roc": "MLP",
  "missing_models": [],
  "test_samples": 139526
}