{
  "validation": {
    "accuracy": 0.8225837746940418,
    "auc_roc": 0.9014769283267114,
    "f1_score": 0.8200084571528558
  },
  "test": {
    "accuracy": 0.8202127202098534,
    "auc_roc": 0.899892801429004,
    "f1_score": 0.8174056092181597
  },
  "classification_report": {
    "0": {
      "precision": 0.8133301707779886,
      "recall": 0.832769039557708,
      "f1-score": 0.8229348278758533,
      "support": 69999.0
    },
    "1": {
      "precision": 0.8274825360332478,
      "recall": 0.8075711594056985,
      "f1-score": 0.8174056092181597,
      "support": 69527.0
    },
    "accuracy": 0.8202127202098534,
    "macro avg": {
      "precision": 0.8204063534056183,
      "recall": 0.8201700994817032,
      "f1-score": 0.8201702185470066,
      "support": 139526.0
    },
    "weighted avg": {
      "precision": 0.8203824155144708,
      "recall": 0.8202127202098534,
      "f1-score": 0.8201795708942623,
      "support": 139526.0
    }
  }
}