{
  "validation": {
    "accuracy": 0.8284765689564724,
    "auc_roc": 0.906194961832828,
    "f1_score": 0.8303214707178707
  },
  "test": {
    "accuracy": 0.8270071527887275,
    "auc_roc": 0.9058352777665732,
    "f1_score": 0.8288095322529168
  },
  "classification_report": {
    "0.0": {
      "precision": 0.8369332040318552,
      "recall": 0.8137259103701482,
      "f1-score": 0.8251664167698849,
      "support": 69999.0
    },
    "1.0": {
      "precision": 0.8175547098001903,
      "recall": 0.8403785579702849,
      "f1-score": 0.8288095322529168,
      "support": 69527.0
    },
    "accuracy": 0.8270071527887275,
    "macro avg": {
      "precision": 0.8272439569160228,
      "recall": 0.8270522341702166,
      "f1-score": 0.8269879745114008,
      "support": 139526.0
    },
    "weighted avg": {
      "precision": 0.8272767344961058,
      "recall": 0.8270071527887275,
      "f1-score": 0.8269818123964259,
      "support": 139526.0
    }
  }
}